[
{
  "model": "auth.permission",
  "pk": 1,
  "fields": {
    "name": "Can add log entry",
    "content_type": 1,
    "codename": "add_logentry"
  }
},
{
  "model": "auth.permission",
  "pk": 2,
  "fields": {
    "name": "Can change log entry",
    "content_type": 1,
    "codename": "change_logentry"
  }
},
{
  "model": "auth.permission",
  "pk": 3,
  "fields": {
    "name": "Can delete log entry",
    "content_type": 1,
    "codename": "delete_logentry"
  }
},
{
  "model": "auth.permission",
  "pk": 4,
  "fields": {
    "name": "Can view log entry",
    "content_type": 1,
    "codename": "view_logentry"
  }
},
{
  "model": "auth.permission",
  "pk": 5,
  "fields": {
    "name": "Can add permission",
    "content_type": 2,
    "codename": "add_permission"
  }
},
{
  "model": "auth.permission",
  "pk": 6,
  "fields": {
    "name": "Can change permission",
    "content_type": 2,
    "codename": "change_permission"
  }
},
{
  "model": "auth.permission",
  "pk": 7,
  "fields": {
    "name": "Can delete permission",
    "content_type": 2,
    "codename": "delete_permission"
  }
},
{
  "model": "auth.permission",
  "pk": 8,
  "fields": {
    "name": "Can view permission",
    "content_type": 2,
    "codename": "view_permission"
  }
},
{
  "model": "auth.permission",
  "pk": 9,
  "fields": {
    "name": "Can add group",
    "content_type": 3,
    "codename": "add_group"
  }
},
{
  "model": "auth.permission",
  "pk": 10,
  "fields": {
    "name": "Can change group",
    "content_type": 3,
    "codename": "change_group"
  }
},
{
  "model": "auth.permission",
  "pk": 11,
  "fields": {
    "name": "Can delete group",
    "content_type": 3,
    "codename": "delete_group"
  }
},
{
  "model": "auth.permission",
  "pk": 12,
  "fields": {
    "name": "Can view group",
    "content_type": 3,
    "codename": "view_group"
  }
},
{
  "model": "auth.permission",
  "pk": 13,
  "fields": {
    "name": "Can add content type",
    "content_type": 4,
    "codename": "add_contenttype"
  }
},
{
  "model": "auth.permission",
  "pk": 14,
  "fields": {
    "name": "Can change content type",
    "content_type": 4,
    "codename": "change_contenttype"
  }
},
{
  "model": "auth.permission",
  "pk": 15,
  "fields": {
    "name": "Can delete content type",
    "content_type": 4,
    "codename": "delete_contenttype"
  }
},
{
  "model": "auth.permission",
  "pk": 16,
  "fields": {
    "name": "Can view content type",
    "content_type": 4,
    "codename": "view_contenttype"
  }
},
{
  "model": "auth.permission",
  "pk": 17,
  "fields": {
    "name": "Can add session",
    "content_type": 5,
    "codename": "add_session"
  }
},
{
  "model": "auth.permission",
  "pk": 18,
  "fields": {
    "name": "Can change session",
    "content_type": 5,
    "codename": "change_session"
  }
},
{
  "model": "auth.permission",
  "pk": 19,
  "fields": {
    "name": "Can delete session",
    "content_type": 5,
    "codename": "delete_session"
  }
},
{
  "model": "auth.permission",
  "pk": 20,
  "fields": {
    "name": "Can view session",
    "content_type": 5,
    "codename": "view_session"
  }
},
{
  "model": "auth.permission",
  "pk": 21,
  "fields": {
    "name": "Can add company",
    "content_type": 6,
    "codename": "add_company"
  }
},
{
  "model": "auth.permission",
  "pk": 22,
  "fields": {
    "name": "Can change company",
    "content_type": 6,
    "codename": "change_company"
  }
},
{
  "model": "auth.permission",
  "pk": 23,
  "fields": {
    "name": "Can delete company",
    "content_type": 6,
    "codename": "delete_company"
  }
},
{
  "model": "auth.permission",
  "pk": 24,
  "fields": {
    "name": "Can view company",
    "content_type": 6,
    "codename": "view_company"
  }
},
{
  "model": "auth.permission",
  "pk": 25,
  "fields": {
    "name": "Can add branch",
    "content_type": 7,
    "codename": "add_branch"
  }
},
{
  "model": "auth.permission",
  "pk": 26,
  "fields": {
    "name": "Can change branch",
    "content_type": 7,
    "codename": "change_branch"
  }
},
{
  "model": "auth.permission",
  "pk": 27,
  "fields": {
    "name": "Can delete branch",
    "content_type": 7,
    "codename": "delete_branch"
  }
},
{
  "model": "auth.permission",
  "pk": 28,
  "fields": {
    "name": "Can view branch",
    "content_type": 7,
    "codename": "view_branch"
  }
},
{
  "model": "auth.permission",
  "pk": 29,
  "fields": {
    "name": "Can add customer group",
    "content_type": 8,
    "codename": "add_customergroup"
  }
},
{
  "model": "auth.permission",
  "pk": 30,
  "fields": {
    "name": "Can change customer group",
    "content_type": 8,
    "codename": "change_customergroup"
  }
},
{
  "model": "auth.permission",
  "pk": 31,
  "fields": {
    "name": "Can delete customer group",
    "content_type": 8,
    "codename": "delete_customergroup"
  }
},
{
  "model": "auth.permission",
  "pk": 32,
  "fields": {
    "name": "Can view customer group",
    "content_type": 8,
    "codename": "view_customergroup"
  }
},
{
  "model": "auth.permission",
  "pk": 33,
  "fields": {
    "name": "Can add customer",
    "content_type": 9,
    "codename": "add_customer"
  }
},
{
  "model": "auth.permission",
  "pk": 34,
  "fields": {
    "name": "Can change customer",
    "content_type": 9,
    "codename": "change_customer"
  }
},
{
  "model": "auth.permission",
  "pk": 35,
  "fields": {
    "name": "Can delete customer",
    "content_type": 9,
    "codename": "delete_customer"
  }
},
{
  "model": "auth.permission",
  "pk": 36,
  "fields": {
    "name": "Can view customer",
    "content_type": 9,
    "codename": "view_customer"
  }
},
{
  "model": "auth.permission",
  "pk": 37,
  "fields": {
    "name": "Can add document",
    "content_type": 10,
    "codename": "add_document"
  }
},
{
  "model": "auth.permission",
  "pk": 38,
  "fields": {
    "name": "Can change document",
    "content_type": 10,
    "codename": "change_document"
  }
},
{
  "model": "auth.permission",
  "pk": 39,
  "fields": {
    "name": "Can delete document",
    "content_type": 10,
    "codename": "delete_document"
  }
},
{
  "model": "auth.permission",
  "pk": 40,
  "fields": {
    "name": "Can view document",
    "content_type": 10,
    "codename": "view_document"
  }
},
{
  "model": "auth.permission",
  "pk": 41,
  "fields": {
    "name": "Can add info",
    "content_type": 11,
    "codename": "add_info"
  }
},
{
  "model": "auth.permission",
  "pk": 42,
  "fields": {
    "name": "Can change info",
    "content_type": 11,
    "codename": "change_info"
  }
},
{
  "model": "auth.permission",
  "pk": 43,
  "fields": {
    "name": "Can delete info",
    "content_type": 11,
    "codename": "delete_info"
  }
},
{
  "model": "auth.permission",
  "pk": 44,
  "fields": {
    "name": "Can view info",
    "content_type": 11,
    "codename": "view_info"
  }
},
{
  "model": "auth.permission",
  "pk": 45,
  "fields": {
    "name": "Can add user",
    "content_type": 12,
    "codename": "add_user"
  }
},
{
  "model": "auth.permission",
  "pk": 46,
  "fields": {
    "name": "Can change user",
    "content_type": 12,
    "codename": "change_user"
  }
},
{
  "model": "auth.permission",
  "pk": 47,
  "fields": {
    "name": "Can delete user",
    "content_type": 12,
    "codename": "delete_user"
  }
},
{
  "model": "auth.permission",
  "pk": 48,
  "fields": {
    "name": "Can view user",
    "content_type": 12,
    "codename": "view_user"
  }
},
{
  "model": "auth.permission",
  "pk": 49,
  "fields": {
    "name": "Can add cash box",
    "content_type": 13,
    "codename": "add_cashbox"
  }
},
{
  "model": "auth.permission",
  "pk": 50,
  "fields": {
    "name": "Can change cash box",
    "content_type": 13,
    "codename": "change_cashbox"
  }
},
{
  "model": "auth.permission",
  "pk": 51,
  "fields": {
    "name": "Can delete cash box",
    "content_type": 13,
    "codename": "delete_cashbox"
  }
},
{
  "model": "auth.permission",
  "pk": 52,
  "fields": {
    "name": "Can view cash box",
    "content_type": 13,
    "codename": "view_cashbox"
  }
},
{
  "model": "auth.permission",
  "pk": 53,
  "fields": {
    "name": "Can add order",
    "content_type": 14,
    "codename": "add_order"
  }
},
{
  "model": "auth.permission",
  "pk": 54,
  "fields": {
    "name": "Can change order",
    "content_type": 14,
    "codename": "change_order"
  }
},
{
  "model": "auth.permission",
  "pk": 55,
  "fields": {
    "name": "Can delete order",
    "content_type": 14,
    "codename": "delete_order"
  }
},
{
  "model": "auth.permission",
  "pk": 56,
  "fields": {
    "name": "Can view order",
    "content_type": 14,
    "codename": "view_order"
  }
},
{
  "model": "auth.permission",
  "pk": 57,
  "fields": {
    "name": "Can add order item",
    "content_type": 15,
    "codename": "add_orderitem"
  }
},
{
  "model": "auth.permission",
  "pk": 58,
  "fields": {
    "name": "Can change order item",
    "content_type": 15,
    "codename": "change_orderitem"
  }
},
{
  "model": "auth.permission",
  "pk": 59,
  "fields": {
    "name": "Can delete order item",
    "content_type": 15,
    "codename": "delete_orderitem"
  }
},
{
  "model": "auth.permission",
  "pk": 60,
  "fields": {
    "name": "Can view order item",
    "content_type": 15,
    "codename": "view_orderitem"
  }
},
{
  "model": "auth.permission",
  "pk": 61,
  "fields": {
    "name": "Can add currency",
    "content_type": 16,
    "codename": "add_currency"
  }
},
{
  "model": "auth.permission",
  "pk": 62,
  "fields": {
    "name": "Can change currency",
    "content_type": 16,
    "codename": "change_currency"
  }
},
{
  "model": "auth.permission",
  "pk": 63,
  "fields": {
    "name": "Can delete currency",
    "content_type": 16,
    "codename": "delete_currency"
  }
},
{
  "model": "auth.permission",
  "pk": 64,
  "fields": {
    "name": "Can view currency",
    "content_type": 16,
    "codename": "view_currency"
  }
},
{
  "model": "auth.permission",
  "pk": 65,
  "fields": {
    "name": "Can add price",
    "content_type": 17,
    "codename": "add_price"
  }
},
{
  "model": "auth.permission",
  "pk": 66,
  "fields": {
    "name": "Can change price",
    "content_type": 17,
    "codename": "change_price"
  }
},
{
  "model": "auth.permission",
  "pk": 67,
  "fields": {
    "name": "Can delete price",
    "content_type": 17,
    "codename": "delete_price"
  }
},
{
  "model": "auth.permission",
  "pk": 68,
  "fields": {
    "name": "Can view price",
    "content_type": 17,
    "codename": "view_price"
  }
},
{
  "model": "auth.permission",
  "pk": 69,
  "fields": {
    "name": "Can add product price",
    "content_type": 18,
    "codename": "add_productprice"
  }
},
{
  "model": "auth.permission",
  "pk": 70,
  "fields": {
    "name": "Can change product price",
    "content_type": 18,
    "codename": "change_productprice"
  }
},
{
  "model": "auth.permission",
  "pk": 71,
  "fields": {
    "name": "Can delete product price",
    "content_type": 18,
    "codename": "delete_productprice"
  }
},
{
  "model": "auth.permission",
  "pk": 72,
  "fields": {
    "name": "Can view product price",
    "content_type": 18,
    "codename": "view_productprice"
  }
},
{
  "model": "auth.permission",
  "pk": 73,
  "fields": {
    "name": "Can add product group",
    "content_type": 19,
    "codename": "add_productgroup"
  }
},
{
  "model": "auth.permission",
  "pk": 74,
  "fields": {
    "name": "Can change product group",
    "content_type": 19,
    "codename": "change_productgroup"
  }
},
{
  "model": "auth.permission",
  "pk": 75,
  "fields": {
    "name": "Can delete product group",
    "content_type": 19,
    "codename": "delete_productgroup"
  }
},
{
  "model": "auth.permission",
  "pk": 76,
  "fields": {
    "name": "Can view product group",
    "content_type": 19,
    "codename": "view_productgroup"
  }
},
{
  "model": "auth.permission",
  "pk": 77,
  "fields": {
    "name": "Can add product sub group",
    "content_type": 20,
    "codename": "add_productsubgroup"
  }
},
{
  "model": "auth.permission",
  "pk": 78,
  "fields": {
    "name": "Can change product sub group",
    "content_type": 20,
    "codename": "change_productsubgroup"
  }
},
{
  "model": "auth.permission",
  "pk": 79,
  "fields": {
    "name": "Can delete product sub group",
    "content_type": 20,
    "codename": "delete_productsubgroup"
  }
},
{
  "model": "auth.permission",
  "pk": 80,
  "fields": {
    "name": "Can view product sub group",
    "content_type": 20,
    "codename": "view_productsubgroup"
  }
},
{
  "model": "auth.permission",
  "pk": 81,
  "fields": {
    "name": "Can add product",
    "content_type": 21,
    "codename": "add_product"
  }
},
{
  "model": "auth.permission",
  "pk": 82,
  "fields": {
    "name": "Can change product",
    "content_type": 21,
    "codename": "change_product"
  }
},
{
  "model": "auth.permission",
  "pk": 83,
  "fields": {
    "name": "Can delete product",
    "content_type": 21,
    "codename": "delete_product"
  }
},
{
  "model": "auth.permission",
  "pk": 84,
  "fields": {
    "name": "Can view product",
    "content_type": 21,
    "codename": "view_product"
  }
},
{
  "model": "auth.permission",
  "pk": 85,
  "fields": {
    "name": "Can add country",
    "content_type": 22,
    "codename": "add_country"
  }
},
{
  "model": "auth.permission",
  "pk": 86,
  "fields": {
    "name": "Can change country",
    "content_type": 22,
    "codename": "change_country"
  }
},
{
  "model": "auth.permission",
  "pk": 87,
  "fields": {
    "name": "Can delete country",
    "content_type": 22,
    "codename": "delete_country"
  }
},
{
  "model": "auth.permission",
  "pk": 88,
  "fields": {
    "name": "Can view country",
    "content_type": 22,
    "codename": "view_country"
  }
},
{
  "model": "auth.permission",
  "pk": 89,
  "fields": {
    "name": "Can add manufacturer",
    "content_type": 23,
    "codename": "add_manufacturer"
  }
},
{
  "model": "auth.permission",
  "pk": 90,
  "fields": {
    "name": "Can change manufacturer",
    "content_type": 23,
    "codename": "change_manufacturer"
  }
},
{
  "model": "auth.permission",
  "pk": 91,
  "fields": {
    "name": "Can delete manufacturer",
    "content_type": 23,
    "codename": "delete_manufacturer"
  }
},
{
  "model": "auth.permission",
  "pk": 92,
  "fields": {
    "name": "Can view manufacturer",
    "content_type": 23,
    "codename": "view_manufacturer"
  }
},
{
  "model": "auth.permission",
  "pk": 93,
  "fields": {
    "name": "Can add vendor",
    "content_type": 24,
    "codename": "add_vendor"
  }
},
{
  "model": "auth.permission",
  "pk": 94,
  "fields": {
    "name": "Can change vendor",
    "content_type": 24,
    "codename": "change_vendor"
  }
},
{
  "model": "auth.permission",
  "pk": 95,
  "fields": {
    "name": "Can delete vendor",
    "content_type": 24,
    "codename": "delete_vendor"
  }
},
{
  "model": "auth.permission",
  "pk": 96,
  "fields": {
    "name": "Can view vendor",
    "content_type": 24,
    "codename": "view_vendor"
  }
},
{
  "model": "auth.permission",
  "pk": 97,
  "fields": {
    "name": "Can add region",
    "content_type": 25,
    "codename": "add_region"
  }
},
{
  "model": "auth.permission",
  "pk": 98,
  "fields": {
    "name": "Can change region",
    "content_type": 25,
    "codename": "change_region"
  }
},
{
  "model": "auth.permission",
  "pk": 99,
  "fields": {
    "name": "Can delete region",
    "content_type": 25,
    "codename": "delete_region"
  }
},
{
  "model": "auth.permission",
  "pk": 100,
  "fields": {
    "name": "Can view region",
    "content_type": 25,
    "codename": "view_region"
  }
},
{
  "model": "auth.permission",
  "pk": 101,
  "fields": {
    "name": "Can add city",
    "content_type": 26,
    "codename": "add_city"
  }
},
{
  "model": "auth.permission",
  "pk": 102,
  "fields": {
    "name": "Can change city",
    "content_type": 26,
    "codename": "change_city"
  }
},
{
  "model": "auth.permission",
  "pk": 103,
  "fields": {
    "name": "Can delete city",
    "content_type": 26,
    "codename": "delete_city"
  }
},
{
  "model": "auth.permission",
  "pk": 104,
  "fields": {
    "name": "Can view city",
    "content_type": 26,
    "codename": "view_city"
  }
},
{
  "model": "auth.permission",
  "pk": 105,
  "fields": {
    "name": "Can add case",
    "content_type": 27,
    "codename": "add_case"
  }
},
{
  "model": "auth.permission",
  "pk": 106,
  "fields": {
    "name": "Can change case",
    "content_type": 27,
    "codename": "change_case"
  }
},
{
  "model": "auth.permission",
  "pk": 107,
  "fields": {
    "name": "Can delete case",
    "content_type": 27,
    "codename": "delete_case"
  }
},
{
  "model": "auth.permission",
  "pk": 108,
  "fields": {
    "name": "Can view case",
    "content_type": 27,
    "codename": "view_case"
  }
},
{
  "model": "auth.permission",
  "pk": 109,
  "fields": {
    "name": "Can add unit",
    "content_type": 28,
    "codename": "add_unit"
  }
},
{
  "model": "auth.permission",
  "pk": 110,
  "fields": {
    "name": "Can change unit",
    "content_type": 28,
    "codename": "change_unit"
  }
},
{
  "model": "auth.permission",
  "pk": 111,
  "fields": {
    "name": "Can delete unit",
    "content_type": 28,
    "codename": "delete_unit"
  }
},
{
  "model": "auth.permission",
  "pk": 112,
  "fields": {
    "name": "Can view unit",
    "content_type": 28,
    "codename": "view_unit"
  }
},
{
  "model": "auth.permission",
  "pk": 113,
  "fields": {
    "name": "Can add product transaction",
    "content_type": 29,
    "codename": "add_producttransaction"
  }
},
{
  "model": "auth.permission",
  "pk": 114,
  "fields": {
    "name": "Can change product transaction",
    "content_type": 29,
    "codename": "change_producttransaction"
  }
},
{
  "model": "auth.permission",
  "pk": 115,
  "fields": {
    "name": "Can delete product transaction",
    "content_type": 29,
    "codename": "delete_producttransaction"
  }
},
{
  "model": "auth.permission",
  "pk": 116,
  "fields": {
    "name": "Can view product transaction",
    "content_type": 29,
    "codename": "view_producttransaction"
  }
},
{
  "model": "auth.permission",
  "pk": 117,
  "fields": {
    "name": "Can add warehouse",
    "content_type": 30,
    "codename": "add_warehouse"
  }
},
{
  "model": "auth.permission",
  "pk": 118,
  "fields": {
    "name": "Can change warehouse",
    "content_type": 30,
    "codename": "change_warehouse"
  }
},
{
  "model": "auth.permission",
  "pk": 119,
  "fields": {
    "name": "Can delete warehouse",
    "content_type": 30,
    "codename": "delete_warehouse"
  }
},
{
  "model": "auth.permission",
  "pk": 120,
  "fields": {
    "name": "Can view warehouse",
    "content_type": 30,
    "codename": "view_warehouse"
  }
},
{
  "model": "auth.permission",
  "pk": 121,
  "fields": {
    "name": "Can add transaction item",
    "content_type": 31,
    "codename": "add_transactionitem"
  }
},
{
  "model": "auth.permission",
  "pk": 122,
  "fields": {
    "name": "Can change transaction item",
    "content_type": 31,
    "codename": "change_transactionitem"
  }
},
{
  "model": "auth.permission",
  "pk": 123,
  "fields": {
    "name": "Can delete transaction item",
    "content_type": 31,
    "codename": "delete_transactionitem"
  }
},
{
  "model": "auth.permission",
  "pk": 124,
  "fields": {
    "name": "Can view transaction item",
    "content_type": 31,
    "codename": "view_transactionitem"
  }
},
{
  "model": "auth.permission",
  "pk": 125,
  "fields": {
    "name": "Can add stock",
    "content_type": 32,
    "codename": "add_stock"
  }
},
{
  "model": "auth.permission",
  "pk": 126,
  "fields": {
    "name": "Can change stock",
    "content_type": 32,
    "codename": "change_stock"
  }
},
{
  "model": "auth.permission",
  "pk": 127,
  "fields": {
    "name": "Can delete stock",
    "content_type": 32,
    "codename": "delete_stock"
  }
},
{
  "model": "auth.permission",
  "pk": 128,
  "fields": {
    "name": "Can view stock",
    "content_type": 32,
    "codename": "view_stock"
  }
},
{
  "model": "contenttypes.contenttype",
  "pk": 1,
  "fields": {
    "app_label": "admin",
    "model": "logentry"
  }
},
{
  "model": "contenttypes.contenttype",
  "pk": 2,
  "fields": {
    "app_label": "auth",
    "model": "permission"
  }
},
{
  "model": "contenttypes.contenttype",
  "pk": 3,
  "fields": {
    "app_label": "auth",
    "model": "group"
  }
},
{
  "model": "contenttypes.contenttype",
  "pk": 4,
  "fields": {
    "app_label": "contenttypes",
    "model": "contenttype"
  }
},
{
  "model": "contenttypes.contenttype",
  "pk": 5,
  "fields": {
    "app_label": "sessions",
    "model": "session"
  }
},
{
  "model": "contenttypes.contenttype",
  "pk": 6,
  "fields": {
    "app_label": "company",
    "model": "company"
  }
},
{
  "model": "contenttypes.contenttype",
  "pk": 7,
  "fields": {
    "app_label": "company",
    "model": "branch"
  }
},
{
  "model": "contenttypes.contenttype",
  "pk": 8,
  "fields": {
    "app_label": "customer",
    "model": "customergroup"
  }
},
{
  "model": "contenttypes.contenttype",
  "pk": 9,
  "fields": {
    "app_label": "customer",
    "model": "customer"
  }
},
{
  "model": "contenttypes.contenttype",
  "pk": 10,
  "fields": {
    "app_label": "document",
    "model": "document"
  }
},
{
  "model": "contenttypes.contenttype",
  "pk": 11,
  "fields": {
    "app_label": "document",
    "model": "info"
  }
},
{
  "model": "contenttypes.contenttype",
  "pk": 12,
  "fields": {
    "app_label": "erp_user",
    "model": "user"
  }
},
{
  "model": "contenttypes.contenttype",
  "pk": 13,
  "fields": {
    "app_label": "finance",
    "model": "cashbox"
  }
},
{
  "model": "contenttypes.contenttype",
  "pk": 14,
  "fields": {
    "app_label": "order",
    "model": "order"
  }
},
{
  "model": "contenttypes.contenttype",
  "pk": 15,
  "fields": {
    "app_label": "order",
    "model": "orderitem"
  }
},
{
  "model": "contenttypes.contenttype",
  "pk": 16,
  "fields": {
    "app_label": "price",
    "model": "currency"
  }
},
{
  "model": "contenttypes.contenttype",
  "pk": 17,
  "fields": {
    "app_label": "price",
    "model": "price"
  }
},
{
  "model": "contenttypes.contenttype",
  "pk": 18,
  "fields": {
    "app_label": "price",
    "model": "productprice"
  }
},
{
  "model": "contenttypes.contenttype",
  "pk": 19,
  "fields": {
    "app_label": "product",
    "model": "productgroup"
  }
},
{
  "model": "contenttypes.contenttype",
  "pk": 20,
  "fields": {
    "app_label": "product",
    "model": "productsubgroup"
  }
},
{
  "model": "contenttypes.contenttype",
  "pk": 21,
  "fields": {
    "app_label": "product",
    "model": "product"
  }
},
{
  "model": "contenttypes.contenttype",
  "pk": 22,
  "fields": {
    "app_label": "reference",
    "model": "country"
  }
},
{
  "model": "contenttypes.contenttype",
  "pk": 23,
  "fields": {
    "app_label": "reference",
    "model": "manufacturer"
  }
},
{
  "model": "contenttypes.contenttype",
  "pk": 24,
  "fields": {
    "app_label": "reference",
    "model": "vendor"
  }
},
{
  "model": "contenttypes.contenttype",
  "pk": 25,
  "fields": {
    "app_label": "reference",
    "model": "region"
  }
},
{
  "model": "contenttypes.contenttype",
  "pk": 26,
  "fields": {
    "app_label": "reference",
    "model": "city"
  }
},
{
  "model": "contenttypes.contenttype",
  "pk": 27,
  "fields": {
    "app_label": "unit",
    "model": "case"
  }
},
{
  "model": "contenttypes.contenttype",
  "pk": 28,
  "fields": {
    "app_label": "unit",
    "model": "unit"
  }
},
{
  "model": "contenttypes.contenttype",
  "pk": 29,
  "fields": {
    "app_label": "warehouse",
    "model": "producttransaction"
  }
},
{
  "model": "contenttypes.contenttype",
  "pk": 30,
  "fields": {
    "app_label": "warehouse",
    "model": "warehouse"
  }
},
{
  "model": "contenttypes.contenttype",
  "pk": 31,
  "fields": {
    "app_label": "warehouse",
    "model": "transactionitem"
  }
},
{
  "model": "contenttypes.contenttype",
  "pk": 32,
  "fields": {
    "app_label": "warehouse",
    "model": "stock"
  }
},
{
  "model": "erp_user.user",
  "pk": 1,
  "fields": {
    "password": "pbkdf2_sha256$216000$YvQu5p6rMQ9x$NINJpBchtvfC2WXzDwA3wvVAUvFadk8ROierDO2rSE4=",
    "last_login": null,
    "is_superuser": true,
    "username": "admin",
    "first_name": "",
    "last_name": "",
    "email": "",
    "is_staff": true,
    "is_active": true,
    "date_joined": "2020-11-24T05:15:44.857Z",
    "phone_number": null,
    "code": null,
    "date_of_birth": null,
    "gender": "MALE",
    "language": "UZBEK",
    "role": null,
    "supervisor": null,
    "info": null,
    "document": null,
    "groups": [],
    "user_permissions": []
  }
},
{
  "model": "product.product",
  "pk": 1,
  "fields": {
    "name": "Coca Cola 1L",
    "short_name": null,
    "code": null,
    "barcode": null,
    "weight_brutto": null,
    "weight_netto": null,
    "volume": null,
    "group": null,
    "manufacturer": null,
    "country": null,
    "measure": 3,
    "box_type": 2,
    "box_quantity": 6,
    "order_number": null,
    "document": null,
    "created_date": "2020-11-23T12:55:26.064Z",
    "is_active": true,
    "product_tares": []
  }
},
{
  "model": "product.product",
  "pk": 2,
  "fields": {
    "name": "Fanta 1L",
    "short_name": null,
    "code": null,
    "barcode": null,
    "weight_brutto": null,
    "weight_netto": null,
    "volume": null,
    "group": null,
    "manufacturer": null,
    "country": null,
    "measure": 3,
    "box_type": 2,
    "box_quantity": 6,
    "order_number": null,
    "document": null,
    "created_date": "2020-11-24T05:15:04.652Z",
    "is_active": true,
    "product_tares": []
  }
},
{
  "model": "unit.unit",
  "pk": 1,
  "fields": {
    "name": "Kilogram",
    "short_name": "kg",
    "is_active": true
  }
},
{
  "model": "unit.unit",
  "pk": 2,
  "fields": {
    "name": "Gram",
    "short_name": "gr",
    "is_active": true
  }
},
{
  "model": "unit.unit",
  "pk": 3,
  "fields": {
    "name": "Litr",
    "short_name": "L",
    "is_active": true
  }
},
{
  "model": "unit.case",
  "pk": 1,
  "fields": {
    "name": "Korobka",
    "short_name": "kr",
    "is_active": true
  }
},
{
  "model": "unit.case",
  "pk": 2,
  "fields": {
    "name": "Blok",
    "short_name": "bl",
    "is_active": true
  }
},
{
  "model": "warehouse.warehouse",
  "pk": 1,
  "fields": {
    "name": "Sklad 1",
    "code": null,
    "number": null,
    "accountable": 1,
    "is_active": true
  }
},
{
  "model": "warehouse.warehouse",
  "pk": 2,
  "fields": {
    "name": "Sklad 2",
    "code": null,
    "number": null,
    "accountable": 1,
    "is_active": true
  }
},
{
  "model": "warehouse.warehouse",
  "pk": 3,
  "fields": {
    "name": "Sklad 3",
    "code": null,
    "number": null,
    "accountable": 1,
    "is_active": true
  }
},
{
  "model": "warehouse.stock",
  "pk": 1,
  "fields": {
    "product": 1,
    "quantity": 6,
    "price": "10000.0000",
    "expire_date": null,
    "warehouse": 1,
    "transaction": 4,
    "timestamp": "2020-11-24T06:44:36.400Z",
    "created_date": "2020-11-24T06:44:36.401Z",
    "updated_date": "2020-11-24T06:44:36.401Z"
  }
},
{
  "model": "warehouse.stock",
  "pk": 2,
  "fields": {
    "product": 2,
    "quantity": 12,
    "price": "8000.0000",
    "expire_date": null,
    "warehouse": 1,
    "transaction": 4,
    "timestamp": "2020-11-24T06:44:36.593Z",
    "created_date": "2020-11-24T06:44:36.593Z",
    "updated_date": "2020-11-24T06:44:36.593Z"
  }
},
{
  "model": "warehouse.stock",
  "pk": 3,
  "fields": {
    "product": 1,
    "quantity": 6,
    "price": "10000.0000",
    "expire_date": null,
    "warehouse": 1,
    "transaction": 4,
    "timestamp": "2020-11-24T06:44:37.444Z",
    "created_date": "2020-11-24T06:44:37.445Z",
    "updated_date": "2020-11-24T06:44:37.445Z"
  }
},
{
  "model": "warehouse.stock",
  "pk": 4,
  "fields": {
    "product": 2,
    "quantity": 12,
    "price": "8000.0000",
    "expire_date": null,
    "warehouse": 1,
    "transaction": 4,
    "timestamp": "2020-11-24T06:44:37.521Z",
    "created_date": "2020-11-24T06:44:37.521Z",
    "updated_date": "2020-11-24T06:44:37.521Z"
  }
},
{
  "model": "warehouse.stock",
  "pk": 5,
  "fields": {
    "product": 1,
    "quantity": 1250,
    "price": "1000.0000",
    "expire_date": null,
    "warehouse": 3,
    "transaction": 3,
    "timestamp": "2020-11-24T06:44:53.254Z",
    "created_date": "2020-11-24T06:44:53.255Z",
    "updated_date": "2020-11-24T06:44:53.255Z"
  }
},
{
  "model": "warehouse.stock",
  "pk": 6,
  "fields": {
    "product": 2,
    "quantity": 256,
    "price": "152.0000",
    "expire_date": null,
    "warehouse": 3,
    "transaction": 3,
    "timestamp": "2020-11-24T06:44:53.263Z",
    "created_date": "2020-11-24T06:44:53.264Z",
    "updated_date": "2020-11-24T06:44:53.264Z"
  }
},
{
  "model": "warehouse.stock",
  "pk": 7,
  "fields": {
    "product": 1,
    "quantity": 1250,
    "price": "1000.0000",
    "expire_date": null,
    "warehouse": 3,
    "transaction": 3,
    "timestamp": "2020-11-24T06:44:53.442Z",
    "created_date": "2020-11-24T06:44:53.443Z",
    "updated_date": "2020-11-24T06:44:53.443Z"
  }
},
{
  "model": "warehouse.stock",
  "pk": 8,
  "fields": {
    "product": 2,
    "quantity": 256,
    "price": "152.0000",
    "expire_date": null,
    "warehouse": 3,
    "transaction": 3,
    "timestamp": "2020-11-24T06:44:53.520Z",
    "created_date": "2020-11-24T06:44:53.520Z",
    "updated_date": "2020-11-24T06:44:53.520Z"
  }
},
{
  "model": "warehouse.stock",
  "pk": 9,
  "fields": {
    "product": 1,
    "quantity": 120,
    "price": "6000.0000",
    "expire_date": null,
    "warehouse": 2,
    "transaction": 2,
    "timestamp": "2020-11-24T06:44:57.673Z",
    "created_date": "2020-11-24T06:44:57.674Z",
    "updated_date": "2020-11-24T06:44:57.674Z"
  }
},
{
  "model": "warehouse.stock",
  "pk": 10,
  "fields": {
    "product": 2,
    "quantity": 48,
    "price": "5800.0000",
    "expire_date": null,
    "warehouse": 2,
    "transaction": 2,
    "timestamp": "2020-11-24T06:44:57.681Z",
    "created_date": "2020-11-24T06:44:57.682Z",
    "updated_date": "2020-11-24T06:44:57.682Z"
  }
},
{
  "model": "warehouse.stock",
  "pk": 11,
  "fields": {
    "product": 1,
    "quantity": 120,
    "price": "6000.0000",
    "expire_date": null,
    "warehouse": 2,
    "transaction": 2,
    "timestamp": "2020-11-24T06:44:58.524Z",
    "created_date": "2020-11-24T06:44:58.525Z",
    "updated_date": "2020-11-24T06:44:58.525Z"
  }
},
{
  "model": "warehouse.stock",
  "pk": 12,
  "fields": {
    "product": 2,
    "quantity": 48,
    "price": "5800.0000",
    "expire_date": null,
    "warehouse": 2,
    "transaction": 2,
    "timestamp": "2020-11-24T06:44:58.603Z",
    "created_date": "2020-11-24T06:44:58.604Z",
    "updated_date": "2020-11-24T06:44:58.604Z"
  }
},
{
  "model": "warehouse.stock",
  "pk": 13,
  "fields": {
    "product": 1,
    "quantity": 1200,
    "price": "6000.0000",
    "expire_date": null,
    "warehouse": 1,
    "transaction": 1,
    "timestamp": "2020-11-24T06:45:01.606Z",
    "created_date": "2020-11-24T06:45:01.606Z",
    "updated_date": "2020-11-24T06:45:01.606Z"
  }
},
{
  "model": "warehouse.stock",
  "pk": 14,
  "fields": {
    "product": 2,
    "quantity": 800,
    "price": "6500.0000",
    "expire_date": null,
    "warehouse": 1,
    "transaction": 1,
    "timestamp": "2020-11-24T06:45:01.614Z",
    "created_date": "2020-11-24T06:45:01.615Z",
    "updated_date": "2020-11-24T06:45:01.615Z"
  }
},
{
  "model": "warehouse.stock",
  "pk": 15,
  "fields": {
    "product": 1,
    "quantity": 48,
    "price": "6500.0000",
    "expire_date": null,
    "warehouse": 1,
    "transaction": 1,
    "timestamp": "2020-11-24T06:45:01.618Z",
    "created_date": "2020-11-24T06:45:01.618Z",
    "updated_date": "2020-11-24T06:45:01.618Z"
  }
},
{
  "model": "warehouse.stock",
  "pk": 16,
  "fields": {
    "product": 2,
    "quantity": 36,
    "price": "6000.0000",
    "expire_date": null,
    "warehouse": 1,
    "transaction": 1,
    "timestamp": "2020-11-24T06:45:01.627Z",
    "created_date": "2020-11-24T06:45:01.628Z",
    "updated_date": "2020-11-24T06:45:01.628Z"
  }
},
{
  "model": "warehouse.stock",
  "pk": 17,
  "fields": {
    "product": 1,
    "quantity": 1200,
    "price": "6000.0000",
    "expire_date": null,
    "warehouse": 1,
    "transaction": 1,
    "timestamp": "2020-11-24T06:45:03.219Z",
    "created_date": "2020-11-24T06:45:03.220Z",
    "updated_date": "2020-11-24T06:45:03.220Z"
  }
},
{
  "model": "warehouse.stock",
  "pk": 18,
  "fields": {
    "product": 2,
    "quantity": 800,
    "price": "6500.0000",
    "expire_date": null,
    "warehouse": 1,
    "transaction": 1,
    "timestamp": "2020-11-24T06:45:03.371Z",
    "created_date": "2020-11-24T06:45:03.371Z",
    "updated_date": "2020-11-24T06:45:03.371Z"
  }
},
{
  "model": "warehouse.stock",
  "pk": 19,
  "fields": {
    "product": 1,
    "quantity": 48,
    "price": "6500.0000",
    "expire_date": null,
    "warehouse": 1,
    "transaction": 1,
    "timestamp": "2020-11-24T06:45:03.450Z",
    "created_date": "2020-11-24T06:45:03.451Z",
    "updated_date": "2020-11-24T06:45:03.451Z"
  }
},
{
  "model": "warehouse.stock",
  "pk": 20,
  "fields": {
    "product": 2,
    "quantity": 36,
    "price": "6000.0000",
    "expire_date": null,
    "warehouse": 1,
    "transaction": 1,
    "timestamp": "2020-11-24T06:45:03.530Z",
    "created_date": "2020-11-24T06:45:03.531Z",
    "updated_date": "2020-11-24T06:45:03.531Z"
  }
},
{
  "model": "warehouse.producttransaction",
  "pk": 1,
  "fields": {
    "number": 1,
    "transaction_type": "ARRIVED",
    "note": "New",
    "warehouse": 1,
    "timestamp": "2020-11-24T05:17:01Z",
    "created_date": "2020-11-24T05:27:49.388Z",
    "updated_date": "2020-11-24T06:45:03.089Z"
  }
},
{
  "model": "warehouse.producttransaction",
  "pk": 2,
  "fields": {
    "number": 2,
    "transaction_type": "NEW",
    "note": "test",
    "warehouse": 2,
    "timestamp": "2020-11-24T06:26:19Z",
    "created_date": "2020-11-24T06:27:20.758Z",
    "updated_date": "2020-11-24T06:44:58.441Z"
  }
},
{
  "model": "warehouse.producttransaction",
  "pk": 3,
  "fields": {
    "number": 3,
    "transaction_type": "ARRIVED",
    "note": "again",
    "warehouse": 3,
    "timestamp": "2020-11-24T06:30:32Z",
    "created_date": "2020-11-24T06:31:06.659Z",
    "updated_date": "2020-11-24T06:44:53.357Z"
  }
},
{
  "model": "warehouse.producttransaction",
  "pk": 4,
  "fields": {
    "number": 5,
    "transaction_type": "NEW",
    "note": "again",
    "warehouse": 1,
    "timestamp": "2020-11-24T06:38:24Z",
    "created_date": "2020-11-24T06:38:52.238Z",
    "updated_date": "2020-11-24T06:44:37.298Z"
  }
},
{
  "model": "warehouse.transactionitem",
  "pk": 1,
  "fields": {
    "product": 1,
    "quantity": 1200,
    "price": "6000.0000",
    "transaction": 1
  }
},
{
  "model": "warehouse.transactionitem",
  "pk": 2,
  "fields": {
    "product": 2,
    "quantity": 800,
    "price": "6500.0000",
    "transaction": 1
  }
},
{
  "model": "warehouse.transactionitem",
  "pk": 3,
  "fields": {
    "product": 1,
    "quantity": 48,
    "price": "6500.0000",
    "transaction": 1
  }
},
{
  "model": "warehouse.transactionitem",
  "pk": 4,
  "fields": {
    "product": 2,
    "quantity": 36,
    "price": "6000.0000",
    "transaction": 1
  }
},
{
  "model": "warehouse.transactionitem",
  "pk": 5,
  "fields": {
    "product": 1,
    "quantity": 120,
    "price": "6000.0000",
    "transaction": 2
  }
},
{
  "model": "warehouse.transactionitem",
  "pk": 6,
  "fields": {
    "product": 2,
    "quantity": 48,
    "price": "5800.0000",
    "transaction": 2
  }
},
{
  "model": "warehouse.transactionitem",
  "pk": 7,
  "fields": {
    "product": 1,
    "quantity": 1250,
    "price": "1000.0000",
    "transaction": 3
  }
},
{
  "model": "warehouse.transactionitem",
  "pk": 8,
  "fields": {
    "product": 2,
    "quantity": 256,
    "price": "152.0000",
    "transaction": 3
  }
},
{
  "model": "warehouse.transactionitem",
  "pk": 9,
  "fields": {
    "product": 1,
    "quantity": 6,
    "price": "10000.0000",
    "transaction": 4
  }
},
{
  "model": "warehouse.transactionitem",
  "pk": 10,
  "fields": {
    "product": 2,
    "quantity": 12,
    "price": "8000.0000",
    "transaction": 4
  }
}
]
